Authority,geometry,Area,Population,centroid
Alington,"POLYGON ((2754 1250.61, 2754 1268, 2754 1277.12, 2754 1286.25, 2754 1304.49, 2754 1312, 2769.13 1312, 2773.85 1312, 2774.05 1312, 2782.1 1312, 2787.22 1312, 2792.61 1312, 2798 1312, 2798 1323, 2798 1328.5, 2798 1334, 2798 1338.59, 2798 1340.81, 2798 1345, 2798 1350.5, 2798 1356, 2798 1358.4, 2798 1365.61, 2798 1369.97, 2798 1375.22, 2798 1378, 2798 1381.6, 2798 1385.2, 2798 1392.39, 2798 1400, 2805.36 1400, 2809.85 1400, 2816.14 1400, 2820 1400, 2825.42 1400, 2825.64 1400, 2827.4 1400, 2834.1 1400, 2839.37 1400, 2842 1400, 2847.11 1400, 2849.44 1400, 2850.65 1400, 2856.1 1400, 2858.66 1400, 2864 1400, 2870.46 1400, 2880.26 1400, 2883.21 1400, 2886 1400, 2890.16 1400, 2896.49 1400, 2906.11 1400, 2908 1400, 2908 1394.68, 2908 1389, 2908 1382.42, 2908 1379.75, 2908 1378, 2908 1364.68, 2908 1360.05, 2908 1356, 2908 1353.08, 2908 1347.52, 2908 1344.41, 2908 1342.66, 2908 1340.5, 2908 1334, 2908 1329.8, 2908 1323, 2908 1314.28, 2908 1312, 2908 1303.73, 2908 1296.47, 2908 1295.24, 2908 1289.28, 2908 1284.36, 2908 1282.33, 2908 1279.34, 2908 1278.66, 2908 1274.17, 2908 1271.09, 2908 1268, 2908 1265.99, 2908 1264.17, 2908 1263.38, 2908 1261.23, 2908 1257.76, 2908 1253.82, 2908 1251.48, 2908 1244.57, 2908 1240.54, 2908 1237.21, 2908 1226.34, 2908 1223, 2902.35 1223, 2900.75 1223, 2893.1 1223, 2884.09 1223, 2864.36 1223, 2857.61 1223, 2855.42 1223, 2845.84 1223, 2843.92 1223, 2842 1223, 2840.22 1223, 2832.75 1223, 2825.59 1223, 2814.55 1223, 2807.59 1223, 2799.61 1223, 2796.45 1223, 2790.71 1223, 2781.32 1223, 2775.61 1223, 2769.55 1223, 2757.47 1223, 2754 1223, 2754 1234.03, 2754 1250.61), (2865 1247.01, 2864.89 1247.1, 2865 1247, 2865 1247.01), (2861.32 1268, 2861.38 1267.9, 2861.43 1268, 2861.32 1268), (2871.32 1267.78, 2871.4 1268, 2870.31 1268, 2871.32 1267.78))",364.492568,3390148,"(2840.1061388851313, 1304.1323685699845)"
Alma Bridge,"POLYGON ((2754 1099.42, 2754 1121.82, 2754 1129.64, 2754 1136.26, 2754 1138.35, 2754 1145.57, 2754 1157.82, 2754 1190.24, 2754 1196.54, 2754 1204.45, 2754 1214, 2757.15 1214, 2769.33 1214, 2776.01 1214, 2791.89 1214, 2798.34 1214, 2806.64 1214, 2815.69 1214, 2824.92 1214, 2833.53 1214, 2842 1214, 2851.1 1214, 2860.19 1214, 2867.46 1214, 2884.31 1214, 2902.15 1214, 2908 1214, 2920.46 1214, 2936.09 1214, 2948.39 1214, 2957.19 1214, 2962.7 1214, 2966.56 1214, 2972.62 1214, 2981.74 1214, 2987.84 1214, 2993.05 1214, 2996 1214, 3003.81 1214, 3007.34 1214, 3012.23 1214, 3017.79 1214, 3023.48 1214, 3030.09 1214, 3034.6 1214, 3039.79 1214, 3045.77 1214, 3051.78 1214, 3054.6 1214, 3060.95 1214, 3062.15 1214, 3064.61 1214, 3068.62 1214, 3076.76 1214, 3079.06 1214, 3081.28 1214, 3091.04 1214, 3102.85 1214, 3110.25 1214, 3114.87 1214, 3118.81 1214, 3123.94 1214, 3128 1214, 3133.42 1214, 3150.25 1214, 3154.6 1214, 3167.49 1214, 3176.56 1214, 3183.75 1214, 3188.12 1214, 3203.81 1214, 3212.13 1214, 3218.59 1214, 3220.72 1214, 3226 1214, 3226 1208.02, 3226 1203.57, 3226 1191.6, 3226 1185.72, 3226 1180.11, 3226 1175.96, 3226 1168.22, 3226 1157.75, 3226 1149.9, 3226 1143.82, 3226 1136, 3226 1127.36, 3226 1111.31, 3226 1105.41, 3226 1099.67, 3226 1092, 3226 1080.24, 3226 1070, 3226 1061.95, 3226 1052.16, 3226 1042.5, 3226 1034.51, 3226 1031.04, 3226 1016.93, 3226 1006.97, 3226 1004, 3226 999.63, 3226 992.07, 3226 983.41, 3226 964.41, 3226 960, 3223.7 960, 3221.4 960, 3218.57 960, 3213.98 960, 3211.8 960, 3205 960, 3202.64 960, 3200.46 960, 3197.03 960, 3188.87 960, 3187.68 960, 3185.1 960, 3182.1 960, 3172 960, 3154.85 960, 3153.23 960, 3141.49 960, 3111.3 960, 3089.01 960, 3084 960, 3084 976.4, 3084 999.35, 3084 1021.23, 3084 1029.48, 3084 1037.14, 3084 1044.62, 3084 1044.86, 3084 1048.3, 3084 1050.79, 3084 1054.41, 3084 1057.81, 3084 1060.71, 3084 1062.39, 3084 1062.94, 3084 1078.63, 3084 1092, 3055.38 1092, 3042.72 1092, 3007.63 1092, 2930 1092, 2929.99 1092, 2908 1092, 2903.43 1092, 2891.33 1092, 2871.62 1092, 2852.91 1092, 2814.15 1092, 2763.43 1092, 2754 1092, 2754 1094.48, 2754 1099.42), (2903.33 1176.42, 2904.19 1177.36, 2903.34 1176.44, 2903.33 1176.42), (2917.68 1205.15, 2917.8 1205.07, 2917.69 1205.15, 2917.68 1205.15), (2939.34 1193.57, 2939.33 1193.57, 2939.84 1193.47, 2939.34 1193.57), (3190.8571532846718 1136.001897810219, 3190.83 1136.02, 3189.59 1136.02, 3190.8571532846718 1136.001897810219), (3193.05 1136, 3191.07 1136.01, 3190.89 1136.0014285714285, 3190.99 1136, 3193.05 1136))",1189.670155,6001884,"(3030.519298832011, 1121.8123808187402)"
Alma Forest,"POLYGON ((2404 410, 2404 542, 2404 608, 2404 674, 2404 814, 2431.1 814, 2445.59 814, 2576 814, 2677 814, 2677 800.13, 2677 775.57, 2677 740.58, 2677 738, 2680.03 738, 2697.5 738, 2720.38 738, 2727.46 738, 2754 738, 2764.52 738, 2801.34 738, 2831 738, 2831 750.56, 2831 758.76, 2831 766.5, 2831 772.44, 2831 774.29, 2831 779.29, 2831 785.57, 2831 797.38, 2831 799.16, 2831 804.5, 2831 814, 2831 823.21, 2831 834.03, 2831 844.82, 2831 851.5, 2831 857.31, 2831 862.21, 2831 868.63, 2831 869.95, 2831 872.6, 2831 876.29, 2831 880.6, 2831 894, 2826.96 894, 2822.83 894, 2820.25 894, 2817.9 894, 2814.79 894, 2811.22 894, 2803.51 894, 2803.18 894, 2790.82 894, 2766.62 894, 2754 894, 2754 927, 2754 960, 2754 960.42, 2754 995.93, 2754 1014, 2754 1037.18, 2754 1042.95, 2754 1079.58, 2754 1092, 2763.43 1092, 2814.15 1092, 2852.91 1092, 2871.62 1092, 2891.33 1092, 2903.43 1092, 2908 1092, 2929.99 1092, 2930 1092, 3007.63 1092, 3042.72 1092, 3055.38 1092, 3084 1092, 3084 1078.63, 3084 1062.94, 3084 1062.39, 3084 1060.71, 3084 1057.81, 3084 1054.41, 3084 1050.79, 3084 1048.3, 3084 1044.86, 3084 1044.62, 3084 1037.14, 3084 1029.48, 3084 1021.23, 3084 999.35, 3084 976.4, 3084 960, 3084 903.61, 3084 842.87, 3084 814, 3084 763.04, 3084 718.78, 3084 696, 3084 691.19, 3084 615.18, 3084 563, 2994.53 563, 2939.87 563, 2908 563, 2908 486.61, 2908 432, 2908 349, 2766.7 349, 2576 349, 2526.8 349, 2404 349, 2404 410), (3041.08 1043.61, 3041.15 1043.65, 3041.71 1044.04, 3041.08 1043.61))",5492.699954,278131,"(2761.4437059870816, 680.3990531246079)"
Alma Heath,"POLYGON ((2404 1136, 2404 1214, 2446 1214, 2494.4 1214, 2576 1214, 2754 1214, 2754 1204.45, 2754 1196.54, 2754 1190.24, 2754 1157.82, 2754 1145.57, 2754 1138.35, 2754 1136.26, 2754 1129.64, 2754 1121.82, 2754 1099.42, 2754 1094.48, 2754 1092, 2754 1079.58, 2754 1042.95, 2754 1037.18, 2754 1014, 2754 995.93, 2754 960.42, 2754 960, 2754 927, 2754 894, 2719.22 894, 2677 894, 2677 884.96, 2677 850.86, 2677 824, 2677 814, 2576 814, 2445.59 814, 2431.1 814, 2404 814, 2404 944, 2404 1014, 2404 1136))",2086.036032,84655,"(2572.7175732217574, 1021.3640167364017)"
Alma Junction,"POLYGON ((2677 824, 2677 850.86, 2677 884.96, 2677 894, 2719.22 894, 2754 894, 2766.62 894, 2790.82 894, 2803.18 894, 2803.51 894, 2811.22 894, 2814.79 894, 2817.9 894, 2820.25 894, 2822.83 894, 2826.96 894, 2831 894, 2831 880.6, 2831 876.29, 2831 872.6, 2831 869.95, 2831 868.63, 2831 862.21, 2831 857.31, 2831 851.5, 2831 844.82, 2831 834.03, 2831 823.21, 2831 814, 2831 804.5, 2831 799.16, 2831 797.38, 2831 785.57, 2831 779.29, 2831 774.29, 2831 772.44, 2831 766.5, 2831 758.76, 2831 750.56, 2831 738, 2801.34 738, 2764.52 738, 2754 738, 2727.46 738, 2720.38 738, 2697.5 738, 2680.03 738, 2677 738, 2677 740.58, 2677 775.57, 2677 800.13, 2677 814, 2677 824))",374.44111499999997,722369,"(2754.000000000001, 816.0000000000002)"
Aqua Bay,"POLYGON ((1273 1110.8, 1273 1117.62, 1273 1125, 1273 1131.71, 1273 1138.27, 1273 1152, 1273 1165.8, 1273 1180, 1273 1221, 1273 1262, 1273 1539, 1273 1646, 1775 1646, 1775 1305, 1795 1305, 1795 1277, 1795 1125, 1795 967, 1795 945, 1774 945, 1774 885, 1754 885, 1569 885, 1273 885, 1273 967, 1273 1070, 1273 1083.27, 1273 1097, 1273 1110.8))",6065.483069,210248,"(1528.7902158998052, 1262.954607592725)"
Bayes Valley,"POLYGON ((3084 763.04, 3084 814, 3084 842.87, 3084 903.61, 3084 960, 3089.01 960, 3111.3 960, 3141.49 960, 3153.23 960, 3154.85 960, 3172 960, 3182.1 960, 3185.1 960, 3187.68 960, 3188.87 960, 3197.03 960, 3200.46 960, 3202.64 960, 3205 960, 3211.8 960, 3213.98 960, 3218.57 960, 3221.4 960, 3223.7 960, 3226 960, 3226 955.33, 3226 950.67, 3226 946.21, 3226 931.25, 3226 924.43, 3226 918.19, 3226 916, 3226 896.15, 3226 886.79, 3226 872.71, 3226 832.47, 3226 814, 3226 779, 3227 779, 3292.21 779, 3370 779, 3436.44 779, 3549 779, 3549 652, 3549 563, 3462.26 563, 3416.43 563, 3370 563, 3299.68 563, 3281 563, 3252.42 563, 3227 563, 3201.44 563, 3181.34 563, 3168.95 563, 3163.07 563, 3161 563, 3155.42 563, 3136.27 563, 3133.9 563, 3107.02 563, 3084 563, 3084 615.18, 3084 691.19, 3084 696, 3084 718.78, 3084 763.04))",1966.05132,435823,"(3283.5936484279623, 711.4452680312663)"
Central,"POLYGON ((2908 1347.52, 2908 1353.08, 2908 1356, 2908 1360.05, 2908 1364.68, 2908 1378, 2908 1379.75, 2908 1382.42, 2908 1389, 2908 1394.68, 2908 1400, 2912.18 1400, 2915.18 1400, 2918.48 1400, 2924.32 1400, 2928.44 1400, 2934.3 1400, 2943.7 1400, 2950.82 1400, 2952 1400, 2952 1406.73, 2952 1412.42, 2952 1416.72, 2952 1420.71, 2952 1432.07, 2952 1440.37, 2952 1444, 2955.36 1444, 2964.05 1444, 2970.6 1444, 2977.96 1444, 2982.87 1444, 2996 1444, 3002.61 1444, 3009.72 1444, 3016.83 1444, 3032.61 1444, 3040 1444, 3051.63 1444, 3056.8 1444, 3059.37 1444, 3061.39 1444, 3083.62 1444, 3084 1444, 3094.48 1444, 3104.96 1444, 3112.98 1444, 3117.62 1444, 3122.81 1444, 3128 1444, 3128 1431.4, 3128 1425.4, 3128 1418.53, 3128 1409.1, 3128 1400, 3128 1383.78, 3128 1377.94, 3128 1377.91, 3128 1366.27, 3128 1356, 3128 1353.05, 3128 1342.72, 3128 1336.39, 3128 1334, 3128 1331.27, 3128 1331.26, 3128 1326.58, 3128 1323.12, 3128 1321.53, 3128 1314.47, 3128 1312, 3122.23 1312, 3119.26 1312, 3116.73 1312, 3114.53 1312, 3111.93 1312, 3109.7 1312, 3107.21 1312, 3102.71 1312, 3100.68 1312, 3099.2 1312, 3097.7 1312, 3096.75 1312, 3093.68 1312, 3092.15 1312, 3089.37 1312, 3088.66 1312, 3087.26 1312, 3085.23 1312, 3084 1312, 3080.35 1312, 3077.97 1312, 3077.46 1312, 3075.57 1312, 3073.55 1312, 3069.8 1312, 3066.48 1312, 3066.22 1312, 3064.33 1312, 3062.4 1312, 3062 1312, 3061.37 1312, 3059.8 1312, 3056.87 1312, 3055.14 1312, 3054.27 1312, 3051.34 1312, 3047.89 1312, 3043.82 1312, 3042.25 1312, 3040 1312, 3039.19 1312, 3039.18 1312, 3036.89 1312, 3029.6 1312, 3026.37 1312, 3024.96 1312, 3018.69 1312, 3018 1312, 3010.63 1312, 3006.25 1312, 3002.27 1312, 2998.01 1312, 2996 1312, 2993.7 1312, 2992.5 1312, 2984.1 1312, 2973.67 1312, 2973.6 1312, 2966.6 1312, 2960.94 1312, 2958.31 1312, 2952.64 1312, 2952 1312, 2944.67 1312, 2934.63 1312, 2925.82 1312, 2921.76 1312, 2917.28 1312, 2912.01 1312, 2908 1312, 2908 1314.28, 2908 1323, 2908 1329.8, 2908 1334, 2908 1340.5, 2908 1342.66, 2908 1344.41, 2908 1347.52))",422.443556,2146182,"(3024.285714285714, 1374.8571428571424)"
Clifton Wick,"POLYGON ((3235 916.6649, 3235 926.0522, 3235 928.9441, 3235 931.8359, 3235 945.9636, 3235 950.3873, 3235 954.8109, 3235 960, 3240.15 960, 3246.0827 960, 3253.0863 960, 3257.0431 960, 3274.1826 960, 3282 960, 3305.3838 960, 3319.1999 960, 3355.3451 960, 3370 960, 3370 965.1254, 3370 1034.1779, 3370 1048, 3370 1070, 3370 1092, 3380.2143 1092, 3414 1092, 3426.3076 1092, 3455.7513 1092, 3549 1092, 3549 1009.2662, 3549 961.1222, 3549 912.9781, 3549 790, 3436.4479 790, 3370 790, 3287.4396 790, 3235 790, 3235 831.752, 3235 873.3297, 3235 886.9823, 3235 896.719, 3235 914.1448, 3235 916.6649))",1200.2475,529692,"(3412.710705381259, 921.3306150010386)"
Cotham Heights,"POLYGON ((3235 1319.6001, 3235 1322.5104, 3235 1328.8607, 3235 1337.2456, 3235 1337.25, 3235 1341.93, 3235 1341.9342, 3235 1351.81, 3235 1356, 3235 1361.4741, 3235 1363.2988, 3235 1363.3, 3235 1379.8507, 3235 1387.67, 3235 1387.6731, 3235 1396.2103, 3235 1400, 3235 1407.31, 3235 1407.312, 3235 1418.3801, 3235 1429.2481, 3235 1429.25, 3235 1444, 3283.7878 1444, 3322.0443 1444, 3326 1444, 3356.3841 1444, 3414 1444, 3414 1394.4862, 3414 1312, 3414 1300.8063, 3414 1267.225, 3414 1242.7026, 3414 1223, 3414 1185.28, 3414 1132.5017, 3414 1092, 3380.2143 1092, 3370 1092, 3358.2668 1092, 3331.7355 1092, 3326 1092, 3326 1105.8993, 3326 1118.6729, 3326 1131.4465, 3326 1141.3302, 3326 1158, 3326 1166.6104, 3326 1188.6808, 3326 1197.1235, 3326 1223, 3326 1257.0194, 3326 1282.9262, 3326 1283.0098, 3326 1297.5049, 3326 1312, 3321.484 1312, 3318.2874 1312, 3313.2862 1312, 3300.5503 1312, 3291.2752 1312, 3282 1312, 3277.8571 1312, 3273.7142 1312, 3267.4747 1312, 3261.094 1312, 3260 1312, 3253.715 1312, 3251.5711 1312, 3247.9978 1312, 3243.686 1312, 3241.2424 1312, 3235 1312, 3235 1318.01, 3235 1318.0141, 3235 1319.6001))",670.011439,1418409,"(3344.9912998976442, 1298.7369498464684)"
Denton Town,"POLYGON ((3040 1461.78, 3040 1475.47, 3040 1488, 3040 1499.07, 3040 1504.54, 3040 1510, 3040 1522.23, 3040 1537, 3053.42 1537, 3084 1537, 3172 1537, 3198.05 1537, 3235 1537, 3235 1491.32, 3235 1491.3153, 3235 1445.83, 3235 1444, 3226 1444, 3209.89 1444, 3200.32 1444, 3194 1444, 3175.56 1444, 3172 1444, 3161.94 1444, 3156.49 1444, 3148.19 1444, 3141.14 1444, 3128 1444, 3122.81 1444, 3117.62 1444, 3112.98 1444, 3104.96 1444, 3094.48 1444, 3084 1444, 3083.62 1444, 3061.39 1444, 3059.37 1444, 3056.8 1444, 3051.63 1444, 3040 1444, 3040 1461.78), (3104.67 1466.43, 3104.6716 1466.4204, 3105.89 1466.7, 3104.67 1466.43))",282.65256899999997,732956,"(3137.5000108558766, 1490.5000080301093)"
Dressingham,"POLYGON ((1822 410, 1822 814, 2100 814, 2103.2 814, 2111.26 814, 2116 814, 2248 814, 2259 814, 2270 814, 2281 814, 2292 814, 2404 814, 2404 674, 2404 608, 2404 542, 2404 410, 2404 349, 2403 349, 2403 198, 2369.5 198, 2336 198, 2270 198, 2138 198, 2079 198, 1822 198, 1822 410))",5585.418353,364352,"(2112.8775941020367, 506.09796685465216)"
Durdham Mews,"POLYGON ((2585 1356, 2585 1398.44, 2585 1444, 2585 1490.5, 2585 1537, 2628.87 1537, 2661.78 1537, 2688 1537, 2716.19 1537, 2774.78 1537, 2798 1537, 2798 1525.07, 2798 1518.13, 2798 1492.22, 2798 1477.63, 2798 1469.19, 2798 1467.31, 2798 1460.56, 2798 1444, 2798 1437.43, 2798 1427.18, 2798 1423.63, 2798 1418.51, 2798 1406.68, 2798 1400, 2798 1392.39, 2798 1385.2, 2798 1381.6, 2798 1378, 2798 1375.22, 2798 1369.97, 2798 1365.61, 2798 1358.4, 2798 1356, 2798 1350.5, 2798 1345, 2798 1340.81, 2798 1338.59, 2798 1334, 2798 1328.5, 2798 1323, 2798 1312, 2792.61 1312, 2787.22 1312, 2782.1 1312, 2774.05 1312, 2773.85 1312, 2769.13 1312, 2754 1312, 2754 1304.49, 2754 1286.25, 2754 1277.12, 2754 1268, 2754 1250.61, 2754 1234.03, 2754 1223, 2712.28 1223, 2668.28 1223, 2585 1223, 2585 1251.8, 2585 1294.12, 2585 1356))",981.389105,989048,"(2686.2447511355326, 1386.9966331035796)"
Eton Gate,"POLYGON ((1282 93, 1456 93, 1522 93, 1555 93, 1561.66 93, 1566.83 93, 1572 93, 1577.12 93, 1580.18 93, 1588 93, 1596.92 93, 1602.56 93, 1605 93, 1609.1 93, 1613.2 93, 1621 93, 1654 93, 1730 93, 1730 111, 1774 111, 1822 111, 1822 36, 1822 -37, 1822 -62.75, 1822 -71.66, 1822 -82.19, 1822 -91.27, 1822 -97.09, 1822 -140, 1822 -184, 1822 -357, 1586 -357, 1386 -357, 1197 -357, 1197 -140, 1197 91, 1282 91, 1282 93))",4406.726297000002,669586,"(1511.223247128063, -130.764133325788)"
Goldcrest Villas,"POLYGON ((2754 -124, 2754 -63, 2754 14, 2754 80, 2831 80, 2908 80, 2952 80, 2974 80, 2996 80, 3040 80, 3084 80, 3084 36, 3084 25, 3084 14, 3084 -30, 3084 -52, 3084 -63, 3084 -74, 3084 -79.5, 3084 -85, 3084 -90.5, 3084 -96, 3084 -106.5, 3084 -110, 3084 -117, 3084 -124, 3084 -130.75, 3084 -137.5, 3084 -140.88, 3084 -151, 3084 -170.25, 3084 -184, 3040 -184, 2996 -184, 2957.5 -184, 2952 -184, 2930 -184, 2919 -184, 2836.5 -184, 2754 -184, 2754 -124))",1357.853225,1708655,"(2919.0, -52.0)"
Gorton Quarters,"POLYGON ((3128 1314.47, 3128 1321.53, 3128 1323.12, 3128 1326.58, 3128 1331.26, 3128 1331.27, 3128 1334, 3128 1336.39, 3128 1342.72, 3128 1353.05, 3128 1356, 3128 1366.27, 3128 1377.91, 3128 1377.94, 3128 1383.78, 3128 1400, 3128 1409.1, 3128 1418.53, 3128 1425.4, 3128 1431.4, 3128 1444, 3141.14 1444, 3148.19 1444, 3156.49 1444, 3161.94 1444, 3172 1444, 3175.56 1444, 3194 1444, 3200.32 1444, 3209.89 1444, 3226 1444, 3235 1444, 3235 1429.25, 3235 1429.2481, 3235 1418.3801, 3235 1407.312, 3235 1407.31, 3235 1400, 3235 1396.21, 3235 1387.6731, 3235 1387.67, 3235 1379.85, 3235 1363.3, 3235 1363.2988, 3235 1361.4741, 3235 1356, 3235 1351.81, 3235 1341.9342, 3235 1341.93, 3235 1337.25, 3235 1337.2456, 3235 1328.86, 3235 1322.51, 3235 1319.6001, 3235 1318.0141, 3235 1318.01, 3235 1312, 3226.68 1312, 3218.36 1312, 3215.85 1312, 3209.3 1312, 3209.29 1312, 3206.13 1312, 3206.11 1312, 3205 1312, 3202.45 1312, 3200.75 1312, 3198.98 1312, 3195.63 1312, 3194.15 1312, 3192.96 1312, 3188.22 1312, 3185.63 1312, 3183.54 1312, 3179.34 1312, 3172 1312, 3167.74 1312, 3162.01 1312, 3156.74 1312, 3152.69 1312, 3150 1312, 3147.63 1312, 3142.67 1312, 3139.57 1312, 3136.4 1312, 3132.57 1312, 3128 1312, 3128 1314.47))",220.137064,1558990,"(3181.5000000000023, 1378.0000000000011)"
Grillbys Crest,"POLYGON ((2411 212, 2411 276, 2411 340, 2494.5 340, 2578 340, 2746 340, 2831 340, 2908 340, 2908 276, 2908 242, 2908 210, 2908 145, 2908 80, 2831 80, 2754 80, 2754 14, 2754 -63, 2754 -124, 2754 -184, 2754 -250, 2754 -357, 2583 -357, 2411 -357, 2411 -96, 2411 80, 2411 212))",4350.227012000001,196120,"(2618.1486845735208, 22.845020439896672)"
Hopewell Harbor,"POLYGON ((3666 220, 3559 220, 3559 340, 3559 410, 3559 451, 3559 476, 3559 520, 3559 555, 3559 563, 3559 1048, 3666 1048, 3666 563, 3666 451, 3666 220))",1380.858197,49806,"(3612.5, 634.0)"
Lancer Gate,"POLYGON ((2908 340, 2952 340, 2996 340, 3084 340, 3095 340, 3106 340, 3111.5 340, 3117 340, 3122.5 340, 3128 340, 3133.5 340, 3139 340, 3144.5 340, 3150 340, 3160.31 340, 3163.41 340, 3166.5 340, 3169.08 340, 3171.66 340, 3177.33 340, 3183 340, 3188.16 340, 3193.31 340, 3199.5 340, 3204.9 340, 3210.3 340, 3216 340, 3221.5 340, 3227 340, 3238 340, 3248.75 340, 3259.5 340, 3264.88 340, 3270.25 340, 3281 340, 3281 331, 3281 322, 3281 300, 3281 256, 3281 218, 3248.5 218, 3216 218, 3183 218, 3150 218, 3117 218, 3084 218, 3084 198, 3084 168, 3084 112.5, 3084 80, 3040 80, 2996 80, 2974 80, 2952 80, 2908 80, 2908 145, 2908 210, 2908 242, 2908 276, 2908 340))",1087.810037,1918241,"(3060.222440324383, 233.76058113877983)"
Leighton,"POLYGON ((2895 1657, 2952 1657, 3040 1657, 3184.55 1657, 3235 1657, 3414 1657, 3549 1657, 3549 1627, 3549 1617.04, 3549 1586.89, 3549 1567, 3549 1537, 3482 1537, 3468.51 1537, 3414 1537, 3383.91 1537, 3322.26 1537, 3322.2567 1537, 3292.0744 1537, 3292.07 1537, 3235 1537, 3198.05 1537, 3172 1537, 3084 1537, 3053.42 1537, 3040 1537, 3010.65 1537, 2981.33 1537, 2952 1537, 2920.11 1537, 2895 1537, 2895 1657))",1223.190147,109282,"(3222.0, 1597.0)"
Meadow Hill,"POLYGON ((3348 340, 3337 340, 3326 340, 3317 340, 3308 340, 3290 340, 3290 388, 3290 410, 3290 498, 3290 555, 3326 555, 3370 555, 3414 555, 3559 555, 3559 520, 3559 476, 3559 451, 3559 410, 3559 340, 3549 340, 3480 340, 3447 340, 3414 340, 3392 340, 3370 340, 3348 340))",901.4169200000002,271308,"(3424.5, 447.5)"
Northfields Market,"POLYGON ((3100.5 349, 3095 349, 3084 349, 3067.5 349, 3051 349, 3018 349, 2996 349, 2908 349, 2908 432, 2908 486.61, 2908 563, 2939.87 563, 2994.53 563, 3084 563, 3107.02 563, 3133.9 563, 3136.27 563, 3155.42 563, 3161 563, 3163.07 563, 3168.95 563, 3181.34 563, 3201.44 563, 3227 563, 3252.42 563, 3281 563, 3281 520, 3281 432, 3281 388, 3281 349, 3259.5 349, 3248.75 349, 3238 349, 3227 349, 3221.5 349, 3216 349, 3210.5 349, 3199.5 349, 3194 349, 3188.5 349, 3183 349, 3177.5 349, 3172 349, 3166.5 349, 3161 349, 3150 349, 3144.5 349, 3139 349, 3128 349, 3122.5 349, 3117 349, 3106 349, 3100.5 349))",1244.106558,957887,"(3094.5, 455.9999999999999)"
Oakfield Bush,"POLYGON ((1795 945, 1795 967, 1795 1125, 1795 1277, 1795 1305, 1822 1305, 1822 1537, 2100 1537, 2312 1537, 2312 1387, 2312 1290, 2312 1214, 2404 1214, 2404 1136, 2404 1014, 2404 944, 2404 814, 2292 814, 2281 814, 2270 814, 2259 814, 2248 814, 2116 814, 2111.26 814, 2103.2 814, 2100 814, 1822 814, 1822 944, 1795 944, 1795 945))",6247.138018,248216,"(2087.4312703802484, 1159.4320762342916)"
Pebble Palace,"POLYGON ((3281 -162, 3281 -156.5, 3281 -153.75, 3281 -149, 3281 -145, 3281 -143, 3281 -141, 3281 -139, 3281 -135, 3281 -130.75, 3281 -128.62, 3281 -122.25, 3281 -118, 3281 -115.25, 3281 -112.5, 3281 -109.75, 3281 -107, 3281 -101.5, 3281 -96, 3281 -87.75, 3281 -83.62, 3281 -79.5, 3281 -77.44, 3281 -75.38, 3281 -71.25, 3281 -63, 3281 -57.5, 3281 -54.75, 3281 -52, 3281 -45.12, 3281 -30, 3281 -27.25, 3281 -19, 3281 -8, 3281 -5.25, 3281 3, 3281 11.25, 3281 14, 3281 16.75, 3281 25, 3281 30.5, 3281 36, 3281 42.88, 3281 47, 3281 52.5, 3281 58, 3281 69, 3281 74.5, 3281 80, 3281 88.25, 3281 93.75, 3281 102, 3281 107.5, 3281 114.38, 3281 118.5, 3281 124, 3281 126.75, 3281 129.5, 3281 135, 3281 146, 3281 168, 3281 193, 3281 218, 3348 218, 3370 218, 3392 218, 3549 218, 3549 14, 3549 -184, 3431.25 -184, 3392 -184, 3370 -184, 3348 -184, 3337 -184, 3315 -184, 3309.5 -184, 3304 -184, 3298.25 -184, 3295.38 -184, 3289.62 -184, 3283.88 -184, 3281 -184, 3281 -178.5, 3281 -175.75, 3281 -173, 3281 -170.25, 3281 -164.75, 3281 -162))",1679.1744160000003,2708585,"(3414.9999999999995, 17.0)"
Permbroke Corner,"POLYGON ((3414 1223, 3414 1242.7026, 3414 1267.225, 3414 1300.8063, 3414 1312, 3414 1394.4862, 3414 1444, 3356.3841 1444, 3326 1444, 3322.0443 1444, 3283.7878 1444, 3235 1444, 3235 1445.8297, 3235 1491.3153, 3235 1491.32, 3235 1537, 3292.07 1537, 3292.0744 1537, 3322.2567 1537, 3322.26 1537, 3383.9098 1537, 3414 1537, 3468.5109 1537, 3482 1537, 3549 1537, 3549 1509.7551, 3549 1468.3166, 3549 1464.4823, 3549 1427.8558, 3549 1387.2867, 3549 1377.7458, 3549 1312, 3549 1232.3737, 3549 1197.049, 3549 1174.6945, 3549 1092, 3455.7513 1092, 3426.3076 1092, 3414 1092, 3414 1132.5017, 3414 1185.28, 3414 1223))",1195.7899049999999,416005,"(3447.434425588489, 1352.688159849848)"
Queens Mansion,"POLYGON ((3084 -130.75, 3084 -124, 3084 -117, 3084 -110, 3084 -106.5, 3084 -96, 3084 -90.5, 3084 -85, 3084 -79.5, 3084 -74, 3084 -63, 3084 -52, 3084 -30, 3084 14, 3084 25, 3084 36, 3084 80, 3084 112.5, 3084 168, 3084 198, 3084 218, 3117 218, 3150 218, 3183 218, 3216 218, 3248.5 218, 3281 218, 3281 193, 3281 168, 3281 146, 3281 135, 3281 129.5, 3281 126.75, 3281 124, 3281 118.5, 3281 114.38, 3281 107.5, 3281 102, 3281 93.75, 3281 88.25, 3281 80, 3281 74.5, 3281 69, 3281 58, 3281 52.5, 3281 47, 3281 42.88, 3281 36, 3281 30.5, 3281 25, 3281 16.75, 3281 14, 3281 11.25, 3281 3, 3281 -5.25, 3281 -8, 3281 -19, 3281 -27.25, 3281 -30, 3281 -45.12, 3281 -52, 3281 -54.75, 3281 -57.5, 3281 -63, 3281 -71.25, 3281 -75.38, 3281 -77.44, 3281 -79.5, 3281 -83.62, 3281 -87.75, 3281 -96, 3281 -101.5, 3281 -107, 3281 -109.75, 3281 -112.5, 3281 -115.25, 3281 -118, 3281 -122.25, 3281 -128.62, 3281 -130.75, 3281 -135, 3281 -139, 3281 -141, 3281 -143, 3281 -145, 3281 -149, 3281 -153.75, 3281 -156.5, 3281 -162, 3281 -164.75, 3281 -170.25, 3281 -173, 3281 -175.75, 3281 -178.5, 3281 -184, 3260 -184, 3254.5 -184, 3249 -184, 3243.5 -184, 3238 -184, 3232.5 -184, 3227 -184, 3221.5 -184, 3216 -184, 3194 -184, 3172 -184, 3150 -184, 3133.5 -184, 3125.25 -184, 3117 -184, 3106 -184, 3084 -184, 3084 -170.25, 3084 -151, 3084 -140.88, 3084 -137.5, 3084 -130.75))",1234.318472,2989134,"(3182.5, 17.0)"
Readington,"POLYGON ((2404 1214, 2312 1214, 2312 1290, 2312 1387, 2312 1537, 2576 1537, 2576 1387, 2576 1290, 2576 1214, 2494.4 1214, 2446 1214, 2404 1214))",1329.050301,419227,"(2444.0, 1375.5)"
Slothwood,"POLYGON ((2754 -184, 2836.5 -184, 2919 -184, 2930 -184, 2952 -184, 2957.5 -184, 2996 -184, 3040 -184, 3084 -184, 3106 -184, 3117 -184, 3125.25 -184, 3133.5 -184, 3150 -184, 3172 -184, 3194 -184, 3216 -184, 3221.5 -184, 3227 -184, 3232.5 -184, 3238 -184, 3243.5 -184, 3249 -184, 3254.5 -184, 3260 -184, 3281 -184, 3283.88 -184, 3289.62 -184, 3295.38 -184, 3298.25 -184, 3304 -184, 3309.5 -184, 3315 -184, 3337 -184, 3348 -184, 3370 -184, 3392 -184, 3431.25 -184, 3549 -184, 3549 -250, 3549 -295, 3549 -357, 3392 -357, 3348 -357, 3304 -357, 3260 -357, 3216 -357, 3150 -357, 3084 -357, 3040 -357, 2974 -357, 2919 -357, 2836.5 -357, 2754 -357, 2754 -250, 2754 -184))",2143.6219520000004,1256648,"(3151.5, -270.5)"
Storport,"POLYGON ((1561.66 93, 1555 93, 1522 93, 1456 93, 1282 93, 1282 91, 1197 91, 1197 448, 1456 448, 1774 448, 1774 111, 1730 111, 1730 93, 1654 93, 1621 93, 1613.2 93, 1609.1 93, 1605 93, 1602.56 93, 1596.92 93, 1588 93, 1580.18 93, 1577.12 93, 1572 93, 1566.83 93, 1561.66 93))",3182.865983,128392,"(1484.261645928516, 271.00489929632295)"
Techno Garden,"POLYGON ((2805.36 1400, 2798 1400, 2798 1406.68, 2798 1418.51, 2798 1423.63, 2798 1427.18, 2798 1437.43, 2798 1444, 2798 1460.56, 2798 1467.31, 2798 1469.19, 2798 1477.63, 2798 1492.22, 2798 1518.13, 2798 1525.07, 2798 1537, 2874 1537, 2895 1537, 2920.11 1537, 2952 1537, 2981.33 1537, 3010.65 1537, 3040 1537, 3040 1522.23, 3040 1510, 3040 1504.54, 3040 1499.07, 3040 1488, 3040 1475.47, 3040 1461.78, 3040 1444, 3032.61 1444, 3016.83 1444, 3009.72 1444, 3002.61 1444, 2996 1444, 2982.87 1444, 2977.96 1444, 2970.6 1444, 2964.05 1444, 2955.36 1444, 2952 1444, 2952 1440.37, 2952 1432.07, 2952 1420.71, 2952 1416.72, 2952 1412.42, 2952 1406.73, 2952 1400, 2950.82 1400, 2943.7 1400, 2934.3 1400, 2928.44 1400, 2924.32 1400, 2918.48 1400, 2915.18 1400, 2912.18 1400, 2908 1400, 2906.11 1400, 2896.49 1400, 2890.16 1400, 2886 1400, 2883.21 1400, 2880.26 1400, 2870.46 1400, 2864 1400, 2858.66 1400, 2856.1 1400, 2850.65 1400, 2849.44 1400, 2847.11 1400, 2842 1400, 2839.37 1400, 2834.1 1400, 2827.4 1400, 2825.64 1400, 2825.42 1400, 2820 1400, 2816.14 1400, 2809.85 1400, 2805.36 1400))",456.389776,2802907,"(2908.818181818181, 1474.648760330578)"
Tedding Temple,"POLYGON ((2908 1237.21, 2908 1240.54, 2908 1244.57, 2908 1251.48, 2908 1253.82, 2908 1257.76, 2908 1261.23, 2908 1263.38, 2908 1264.17, 2908 1265.99, 2908 1268, 2908 1271.09, 2908 1274.17, 2908 1278.66, 2908 1279.34, 2908 1282.33, 2908 1284.36, 2908 1289.28, 2908 1295.24, 2908 1296.47, 2908 1303.73, 2908 1312, 2912.01 1312, 2917.28 1312, 2921.76 1312, 2925.82 1312, 2934.63 1312, 2944.67 1312, 2952 1312, 2952.64 1312, 2958.31 1312, 2960.94 1312, 2966.6 1312, 2973.6 1312, 2973.67 1312, 2984.1 1312, 2992.5 1312, 2993.7 1312, 2996 1312, 2998.01 1312, 3002.27 1312, 3006.25 1312, 3010.63 1312, 3018 1312, 3018.69 1312, 3024.96 1312, 3026.37 1312, 3029.6 1312, 3036.89 1312, 3039.18 1312, 3039.19 1312, 3040 1312, 3042.25 1312, 3043.82 1312, 3047.89 1312, 3051.34 1312, 3054.27 1312, 3055.14 1312, 3056.87 1312, 3059.8 1312, 3061.37 1312, 3062 1312, 3062.4 1312, 3064.33 1312, 3066.22 1312, 3066.48 1312, 3069.8 1312, 3073.55 1312, 3075.57 1312, 3077.46 1312, 3077.97 1312, 3080.35 1312, 3084 1312, 3084 1309.43, 3084 1305.22, 3084 1303.27, 3084 1301.5, 3084 1300.07, 3084 1298.22, 3084 1298.21, 3084 1295.55, 3084 1293.95, 3084 1293.71, 3084 1292.78, 3084 1292.75, 3084 1290, 3084 1288.33, 3084 1286.54, 3084 1283.67, 3084 1282.28, 3084 1282.23, 3084 1279.1, 3084 1279.06, 3084 1275.67, 3084 1273.58, 3084 1268, 3084 1264.62, 3084 1261.24, 3084 1257.62, 3084 1252.31, 3084 1248.37, 3084 1246, 3084 1243.59, 3084 1243.57, 3084 1237.37, 3084 1235.34, 3084 1233.81, 3084 1230.78, 3084 1228.11, 3084 1226.09, 3084 1223, 3081.74 1223, 3079.48 1223, 3075.18 1223, 3068.6 1223, 3065.3 1223, 3062 1223, 3054.93 1223, 3051.96 1223, 3045.79 1223, 3042.41 1223, 3040 1223, 3035.26 1223, 3030.52 1223, 3023.96 1223, 3018 1223, 3016.49 1223, 3012.23 1223, 3008.13 1223, 3004.19 1223, 2996 1223, 2993.29 1223, 2987.7 1223, 2982.01 1223, 2972.98 1223, 2963.73 1223, 2952 1223, 2944.92 1223, 2932.64 1223, 2920.37 1223, 2908 1223, 2908 1226.34, 2908 1237.21))",244.140851,2448671,"(2996.0, 1267.4999999999998)"
Tenna Court,"POLYGON ((3281 322, 3281 331, 3281 340, 3290 340, 3308 340, 3317 340, 3326 340, 3337 340, 3348 340, 3370 340, 3392 340, 3414 340, 3447 340, 3480 340, 3549 340, 3549 218, 3392 218, 3370 218, 3348 218, 3281 218, 3281 256, 3281 300, 3281 322))",509.600205,214823,"(3415.0, 279.0)"
Twicken Meads,"POLYGON ((3084 1243.59, 3084 1246, 3084 1248.37, 3084 1252.31, 3084 1257.62, 3084 1261.24, 3084 1264.62, 3084 1268, 3084 1273.58, 3084 1275.67, 3084 1279.06, 3084 1279.1, 3084 1282.23, 3084 1282.28, 3084 1283.67, 3084 1286.54, 3084 1288.33, 3084 1290, 3084 1292.75, 3084 1292.78, 3084 1293.71, 3084 1293.95, 3084 1295.55, 3084 1298.21, 3084 1298.22, 3084 1300.07, 3084 1301.5, 3084 1303.27, 3084 1305.22, 3084 1309.43, 3084 1312, 3085.23 1312, 3087.26 1312, 3088.656920908525 1312, 3088.6611 1311.5203, 3088.6569 1312.0024, 3089.3736 1312.003, 3089.3736374269006 1312, 3092.15 1312, 3093.68 1312, 3096.75 1312, 3097.7 1312, 3099.2 1312, 3100.68 1312, 3102.71 1312, 3107.21 1312, 3109.7 1312, 3111.93 1312, 3114.53 1312, 3116.73 1312, 3119.26 1312, 3122.23 1312, 3128 1312, 3132.57 1312, 3136.4 1312, 3139.57 1312, 3142.67 1312, 3147.63 1312, 3150 1312, 3152.69 1312, 3156.74 1312, 3162.01 1312, 3167.74 1312, 3172 1312, 3179.34 1312, 3183.54 1312, 3185.63 1312, 3188.22 1312, 3192.96 1312, 3194.15 1312, 3195.63 1312, 3198.98 1312, 3200.75 1312, 3202.45 1312, 3205 1312, 3206.11 1312, 3206.13 1312, 3209.29 1312, 3209.3 1312, 3215.85 1312, 3218.36 1312, 3226.68 1312, 3235 1312, 3235 1304.3637, 3235 1301.8228, 3235 1301.82, 3235 1290, 3235 1283.6593, 3235 1282.6625, 3235 1282.66, 3235 1278.9937, 3235 1278.99, 3235 1275.3249, 3235 1275.32, 3235 1273.4927, 3235 1266.7868, 3235 1262.12, 3235 1262.1168, 3235 1260.2851, 3235 1258.61, 3235 1258.607, 3235 1253.204, 3235 1253.2, 3235 1247.6985, 3235 1247.0345, 3235 1246, 3235 1245.0119, 3235 1238.7215, 3235 1235.5706, 3235 1234.6817, 3235 1234.68, 3235 1225.7584, 3235 1223, 3232.49 1223, 3222.08 1223, 3218.25 1223, 3212.76 1223, 3205 1223, 3203.72 1223, 3202.66 1223, 3184.98 1223, 3181.93 1223, 3167.5 1223, 3154.67 1223, 3150 1223, 3133.29 1223, 3128 1223, 3124.13 1223, 3113.64 1223, 3108.07 1223, 3106 1223, 3101.3 1223, 3090.78 1223, 3084 1223, 3084 1226.09, 3084 1228.11, 3084 1230.78, 3084 1233.81, 3084 1235.34, 3084 1237.37, 3084 1243.57, 3084 1243.59), (3140.98 1279.59, 3141.73 1279.78, 3140.81 1279.58, 3140.98 1279.59), (3135.25 1310.46, 3134.8 1310.6, 3135.25 1310.45, 3135.25 1310.46))",209.460235,2017508,"(3159.5000108475347, 1267.4999879974598)"
Waltham Grove,"POLYGON ((1822 -82.19, 1822 -71.66, 1822 -62.75, 1822 -37, 1822 36, 1822 111, 1822 198, 2079 198, 2138 198, 2270 198, 2336 198, 2369.5 198, 2403 198, 2403 150, 2403 102, 2403 58, 2403 -37, 2403 -206, 2403 -357, 2138 -357, 1822 -357, 1822 -184, 1822 -140, 1822 -97.09, 1822 -91.27, 1822 -82.19))",5025.787052,204379,"(2112.5000000000005, -79.50000000000003)"
Waterstone,"POLYGON ((1273 660, 1273 885, 1569 885, 1754 885, 1774 885, 1774 478, 1754 478, 1456 478, 1365 478, 1273 478, 1273 569, 1273 660))",3178.0966670000003,61570,"(1523.5, 681.5)"
Weslington,"POLYGON ((3235 1027.5889, 3235 1033.9137, 3235 1039.7497, 3235 1042.6677, 3235 1045.5857, 3235 1050.2452, 3235 1052.575, 3235 1054.9047, 3235 1064.2237, 3235 1073.5426, 3235 1078.2021, 3235 1082.8616, 3235 1092, 3235 1099.1817, 3235 1105.3167, 3235 1112.9352, 3235 1127.1538, 3235 1136, 3235 1143.6264, 3235 1149.8407, 3235 1157.6048, 3235 1167.8471, 3235 1175.4427, 3235 1180, 3235 1186.4326, 3235 1191.5283, 3235 1204.0381, 3235 1207.9977, 3235 1223, 3235 1225.7584, 3235 1234.68, 3235 1234.6817, 3235 1235.5706, 3235 1238.7215, 3235 1245.0119, 3235 1246, 3235 1247.0345, 3235 1247.6985, 3235 1253.2, 3235 1253.204, 3235 1258.607, 3235 1258.61, 3235 1260.2851, 3235 1262.1168, 3235 1262.12, 3235 1266.7868, 3235 1273.4927, 3235 1275.32, 3235 1275.3249, 3235 1278.99, 3235 1278.9937, 3235 1282.66, 3235 1282.6625, 3235 1283.6593, 3235 1290, 3235 1301.82, 3235 1301.8228, 3235 1304.3637, 3235 1312, 3241.2424 1312, 3243.686 1312, 3247.9978 1312, 3251.5711 1312, 3253.715 1312, 3260 1312, 3261.094 1312, 3267.4747 1312, 3273.7142 1312, 3277.8571 1312, 3282 1312, 3291.2752 1312, 3300.5503 1312, 3313.2862 1312, 3318.2874 1312, 3321.484 1312, 3326 1312, 3326 1297.5049, 3326 1283.0098, 3326 1282.9262, 3326 1257.0194, 3326 1223, 3326 1197.1235, 3326 1188.6808, 3326 1166.6104, 3326 1158, 3326 1141.3302, 3326 1131.4465, 3326 1118.6729, 3326 1105.8993, 3326 1092, 3331.7355 1092, 3358.2668 1092, 3370 1092, 3370 1070, 3370 1048, 3370 1034.1779, 3370 965.1254, 3370 960, 3355.3451 960, 3319.1999 960, 3305.3838 960, 3282 960, 3274.1826 960, 3257.0431 960, 3253.0863 960, 3246.0827 960, 3240.15 960, 3235 960, 3235 964.5201, 3235 983.2675, 3235 991.9365, 3235 999.345, 3235 1006.7535, 3235 1016.778, 3235 1026, 3235 1027.5889), (3300.4371 1045.5113, 3300.4371 1045.5112, 3300.5086 1043.5906, 3300.4371 1045.5113))",589.774634,2771484,"(3290.8604651153737, 1119.1162790767823)"
